{
  "delta_f1_mean": -0.0008171292616577008,
  "ci_lower": -0.0017758396288567197,
  "ci_upper": -0.0003133844279183148,
  "p_value": 1.0
}