{
  "delta_f1_mean": -0.2707672174070087,
  "ci_lower": -0.31279849210138644,
  "ci_upper": -0.22037060831433203,
  "p_value": 1.0
}